Origen,Destino,Distancia
01METRO-Pantitlan,01METRO-Zaragoza,1320
01METRO-Zaragoza,01METRO-GomezFarias,762
01METRO-GomezFarias,01METRO-BoulevardPuertoAereo,611
01METRO-BoulevardPuertoAereo,01METRO-Balbuena,595
01METRO-Balbuena,01METRO-Moctezuma,703
01METRO-Moctezuma,01METRO-SanLazaro,478
01METRO-SanLazaro,01METRO-Candelaria,866
01METRO-Candelaria,01METRO-Merced,698
01METRO-Merced,01METRO-PinoSuarez,745
01METRO-PinoSuarez,01METRO-IsabellaCatolica,382
01METRO-IsabellaCatolica,01METRO-SaltodelAgua,445
01METRO-SaltodelAgua,01METRO-Balderas,458
01METRO-Balderas,01METRO-Cuauhtemoc,409
01METRO-Cuauhtemoc,01METRO-Insurgentes,793
01METRO-Insurgentes,01METRO-Sevilla,645
01METRO-Sevilla,01METRO-Chapultepec,501
01METRO-Chapultepec,01METRO-Juanacatlan,973
01METRO-Juanacatlan,01METRO-Tacubaya,1158
01METRO-Tacubaya,01METRO-Observatorio,1262
01METRO-CuatroCaminos,01METRO-Panteones,1639
01METRO-Panteones,01METRO-Tacuba,1416
01METRO-Tacuba,01METRO-Cuitlahuac,637
01METRO-Cuitlahuac,01METRO-Popotla,620
01METRO-Popotla,01METRO-ColegioMilitar,462
01METRO-ColegioMilitar,01METRO-Normal,516
01METRO-Normal,01METRO-SanCosme,657
01METRO-SanCosme,01METRO-Revolucion,537
01METRO-Revolucion,01METRO-Hidalgo,587
01METRO-Hidalgo,01METRO-BellasArtes,447
01METRO-BellasArtes,01METRO-Allende,387
01METRO-Allende,01METRO-Zocalo,602
01METRO-Zocalo,01METRO-PinoSuarez,745
01METRO-PinoSuarez,01METRO-SanAntonioAbad,817
01METRO-SanAntonioAbad,01METRO-Chabacano,642
01METRO-Chabacano,01METRO-Viaducto,774
01METRO-Viaducto,01METRO-Xola,490
01METRO-Xola,01METRO-VilladeCortes,698
01METRO-VilladeCortes,01METRO-Nativitas,750
01METRO-Nativitas,01METRO-Portales,924
01METRO-Portales,01METRO-Ermita,748
01METRO-Ermita,01METRO-GeneralAnaya,838
01METRO-GeneralAnaya,01METRO-Tasquena,1330
01METRO-IndiosVerdes,01METRO-Deportivo18deMarzo,1166
01METRO-Deportivo18deMarzo,01METRO-Potrero,966
01METRO-Potrero,01METRO-LaRaza,1106
01METRO-LaRaza,01METRO-Tlatelolco,1445
01METRO-Tlatelolco,01METRO-Guerrero,1042
01METRO-Guerrero,01METRO-Hidalgo,702
01METRO-Hidalgo,01METRO-Juarez,251
01METRO-Juarez,01METRO-Balderas,659
01METRO-Balderas,01METRO-NinosHeroes,665
01METRO-NinosHeroes,01METRO-HospitalGeneral,559
01METRO-HospitalGeneral,01METRO-CentroMedico,653
01METRO-CentroMedico,01METRO-Etiopia/PlazadelaTransparencia,1119
01METRO-Etiopia/PlazadelaTransparencia,01METRO-Eugenia,950
01METRO-Eugenia,01METRO-DivisiondelNorte,715
01METRO-DivisiondelNorte,01METRO-Zapata,794
01METRO-Zapata,01METRO-Coyoacan,1153
01METRO-Coyoacan,01METRO-Viveros/DerechosHumanos,908
01METRO-Viveros/DerechosHumanos,01METRO-MiguelAngeldeQuevedo,824
01METRO-MiguelAngeldeQuevedo,01METRO-Copilco,1295
01METRO-Copilco,01METRO-Universidad,1306
01METRO-SantaAnita,01METRO-Jamaica,758
01METRO-Jamaica,01METRO-FrayServando,1033
01METRO-FrayServando,01METRO-Candelaria,633
01METRO-Candelaria,01METRO-Morelos,1062
01METRO-Morelos,01METRO-CanaldelNorte,910
01METRO-CanaldelNorte,01METRO-Consulado,884
01METRO-Consulado,01METRO-Bondojito,645
01METRO-Bondojito,01METRO-Talisman,959
01METRO-Talisman,01METRO-MartinCarrera,1129
01METRO-Politecnico,01METRO-InstitutodelPetroleo,1188
01METRO-InstitutodelPetroleo,01METRO-AutobusesdelNorte,1067
01METRO-AutobusesdelNorte,01METRO-LaRaza,975
01METRO-LaRaza,01METRO-Misterios,892
01METRO-Misterios,01METRO-ValleGomez,969
01METRO-ValleGomez,01METRO-Consulado,679
01METRO-Consulado,01METRO-EduardoMolina,815
01METRO-EduardoMolina,01METRO-Aragon,860
01METRO-Aragon,01METRO-Oceania,1219
01METRO-Oceania,01METRO-TerminalAerea,1174
01METRO-TerminalAerea,01METRO-Hangares,1153
01METRO-Hangares,01METRO-Pantitlan,1644
01METRO-ElRosario,01METRO-Tezozomoc,1257
01METRO-Tezozomoc,01METRO-Azcapotzalco,973
01METRO-Azcapotzalco,01METRO-Ferreria,1173
01METRO-Ferreria,01METRO-Norte45,1072
01METRO-Norte45,01METRO-Vallejo,660
01METRO-Vallejo,01METRO-InstitutodelPetroleo,755
01METRO-InstitutodelPetroleo,01METRO-Lindavista,1258
01METRO-Lindavista,01METRO-Deportivo18deMarzo,1075
01METRO-Deportivo18deMarzo,01METRO-LaVilla–Basilica,570
01METRO-LaVilla–Basilica,01METRO-MartinCarrera,1141
01METRO-ElRosario,01METRO-AquilesSerdan,1615
01METRO-AquilesSerdan,01METRO-Camarones,1402
01METRO-Camarones,01METRO-Refineria,952
01METRO-Refineria,01METRO-Tacuba,1295
01METRO-Tacuba,01METRO-SanJoaquin,1433
01METRO-SanJoaquin,01METRO-Polanco,1163
01METRO-Polanco,01METRO-Auditorio,812
01METRO-Auditorio,01METRO-Constituyentes,1430
01METRO-Constituyentes,01METRO-Tacubaya,1005
01METRO-Tacubaya,01METRO-SanPedrodelosPinos,1084
01METRO-SanPedrodelosPinos,01METRO-SanAntonio,606
01METRO-SanAntonio,01METRO-Mixcoac,788
01METRO-Mixcoac,01METRO-BarrancadelMuerto,1476
01METRO-Garibaldi,01METRO-BellasArtes,634
01METRO-BellasArtes,01METRO-SanJuandeLetran,456
01METRO-SanJuandeLetran,01METRO-SaltodelAgua,292
01METRO-SaltodelAgua,01METRO-Doctores,564
01METRO-Doctores,01METRO-Obrera,761
01METRO-Obrera,01METRO-Chabacano,1143
01METRO-Chabacano,01METRO-LaViga,843
01METRO-LaViga,01METRO-SantaAnita,633
01METRO-SantaAnita,01METRO-Coyuya,968
01METRO-Coyuya,01METRO-Iztacalco,993
01METRO-Iztacalco,01METRO-Apatlaco,910
01METRO-Apatlaco,01METRO-Aculco,534
01METRO-Aculco,01METRO-Escuadron201,789
01METRO-Escuadron201,01METRO-Atlalilco,1738
01METRO-Atlalilco,01METRO-Iztapalapa,732
01METRO-Iztapalapa,01METRO-CerrodelaEstrella,717
01METRO-CerrodelaEstrella,01METRO-UAMI,1135
01METRO-UAMI,01METRO-Constitucionde1917,1137
01METRO-Pantitlan,01METRO-Puebla,1380
01METRO-Puebla,01METRO-CiudadDeportiva,800
01METRO-CiudadDeportiva,01METRO-Velodromo,1110
01METRO-Velodromo,01METRO-Mixiuhca,821
01METRO-Mixiuhca,01METRO-Jamaica,942
01METRO-Jamaica,01METRO-Chabacano,1031
01METRO-Chabacano,01METRO-LazaroCardenas,1000
01METRO-LazaroCardenas,01METRO-CentroMedico,1059
01METRO-CentroMedico,01METRO-Chilpancingo,1152
01METRO-Chilpancingo,01METRO-Patriotismo,955
01METRO-Patriotismo,01METRO-Tacubaya,1133
01METRO-Pantitlan,01METRO-AgricolaOriental,1409
01METRO-AgricolaOriental,01METRO-CanaldeSanJuan,1093
01METRO-CanaldeSanJuan,01METRO-Tepalcates,1456
01METRO-Tepalcates,01METRO-Guelatao,1161
01METRO-Guelatao,01METRO-PenonViejo,2206
01METRO-PenonViejo,01METRO-Acatitla,1379
01METRO-Acatitla,01METRO-SantaMarta,1100
01METRO-SantaMarta,01METRO-LosReyes,1783
01METRO-LosReyes,01METRO-LaPaz,1956
01METRO-CiudadAzteca,01METRO-PlazaAragon,574
01METRO-PlazaAragon,01METRO-Olimpica,709
01METRO-Olimpica,01METRO-Ecatepec,596
01METRO-Ecatepec,01METRO-Muzquiz,1485
01METRO-Muzquiz,01METRO-RiodelosRemedios,1155
01METRO-RiodelosRemedios,01METRO-Impulsora,436
01METRO-Impulsora,01METRO-Nezahualcoyotl,1393
01METRO-Nezahualcoyotl,01METRO-VilladeAragon,1335
01METRO-VilladeAragon,01METRO-BosquesdeAragon,784
01METRO-BosquesdeAragon,01METRO-DeportivoOceania,1165
01METRO-DeportivoOceania,01METRO-Oceania,863
01METRO-Oceania,01METRO-RomeroRubio,809
01METRO-RomeroRubio,01METRO-RicardoFloresMagon,908
01METRO-RicardoFloresMagon,01METRO-SanLazaro,907
01METRO-SanLazaro,01METRO-Morelos,1296
01METRO-Morelos,01METRO-Tepito,498
01METRO-Tepito,01METRO-Lagunilla,611
01METRO-Lagunilla,01METRO-Garibaldi,474
01METRO-Garibaldi,01METRO-Guerrero,757
01METRO-Guerrero,01METRO-Buenavista,521
01METRO-Tlahuac,01METRO-Tlaltenco,1298
01METRO-Tlaltenco,01METRO-Zapotitlan,1115
01METRO-Zapotitlan,01METRO-Nopalera,1276
01METRO-Nopalera,01METRO-Olivos,1360
01METRO-Olivos,01METRO-Tezonco,490
01METRO-Tezonco,01METRO-PerifericoOriente,1545
01METRO-PerifericoOriente,01METRO-Calle11,1111
01METRO-Calle11,01METRO-LomasEstrella,906
01METRO-LomasEstrella,01METRO-SanAndresTomatlan,1060
01METRO-SanAndresTomatlan,01METRO-Culhuacan,990
01METRO-Culhuacan,01METRO-Atlalilco,1671
01METRO-Atlalilco,01METRO-Mexicaltzingo,1922
01METRO-Mexicaltzingo,01METRO-Ermita,1805
01METRO-Ermita,01METRO-EjeCentral,895
01METRO-EjeCentral,01METRO-ParquedelosVenados,1280
01METRO-ParquedelosVenados,01METRO-Zapata,563
01METRO-Zapata,01METRO-Hospital20deNoviembre,450
01METRO-Hospital20deNoviembre,01METRO-InsurgentesSur,725
01METRO-InsurgentesSur,01METRO-Mixcoac,651
METROBUSL1-INDIOSVERDES,METROBUSL1-DVO18MARZO,1274.8252666640874
METROBUSL1-DVO18MARZO,METROBUSL1-EUZKARO,530.4094962678606
METROBUSL1-EUZKARO,METROBUSL1-POTRERO,827.599621274022
METROBUSL1-POTRERO,METROBUSL1-LARAZA,1116.5540223501232
METROBUSL1-LARAZA,METROBUSL1-CIRCUITO,857.6437658261118
METROBUSL1-CIRCUITO,METROBUSL1-SANSIMON,416.70362151892033
METROBUSL1-SANSIMON,METROBUSL1-MANUELGLEZ,385.2206509572636
METROBUSL1-MANUELGLEZ,METROBUSL1-BUENAVISTA,1222.8981426216142
METROBUSL1-BUENAVISTA,METROBUSL1-ELCHOPO,410.6229288589148
METROBUSL1-ELCHOPO,METROBUSL1-REVOLUCION,349.67597276766077
METROBUSL1-REVOLUCION,METROBUSL1-PLAZAREPU,518.3887456332035
METROBUSL1-PLAZAREPU,METROBUSL1-REFORMA,379.38008481417097
METROBUSL1-REFORMA,METROBUSL1-HAMBURGO,654.4174850688231
METROBUSL1-HAMBURGO,METROBUSL1-GLORIETA,431.3681826961535
METROBUSL1-GLORIETA,METROBUSL1-DURANGO,474.8694050613879
METROBUSL1-DURANGO,METROBUSL1-ALVAROOBRE,390.19548939647785
METROBUSL1-ALVAROOBRE,METROBUSL1-SONORA,381.284287051685
METROBUSL1-SONORA,METROBUSL1-CAMPECHE,407.44134437060455
METROBUSL1-CAMPECHE,METROBUSL1-CHILPANCINGO,370.7955675022785
METROBUSL1-CHILPANCINGO,METROBUSL1-NVOLEON,528.1493040330157
METROBUSL1-NVOLEON,METROBUSL1-LAPIEDAD,473.5733751796396
METROBUSL1-LAPIEDAD,METROBUSL1-POLIFORUM,542.8948453223443
METROBUSL1-POLIFORUM,METROBUSL1-NAPOLES,419.75304480512324
METROBUSL1-NAPOLES,METROBUSL1-COLDELVALLE,465.21182715789706
METROBUSL1-COLDELVALLE,METROBUSL1-CIUDADDEPORTES,376.73018472343165
METROBUSL1-CIUDADDEPORTES,METROBUSL1-PARQUEHUND,332.6430038054019
METROBUSL1-PARQUEHUND,METROBUSL1-FELIXCUEVAS,620.8924509280937
METROBUSL1-FELIXCUEVAS,METROBUSL1-RIOCHURU,635.9447672331091
METROBUSL1-RIOCHURU,METROBUSL1-TEATROINSURG,448.041237179632
METROBUSL1-TEATROINSURG,METROBUSL1-JOSEMRIAVELAS,368.37132765029247
METROBUSL1-JOSEMRIAVELAS,METROBUSL1-FRANCIA,381.29519725132815
METROBUSL1-FRANCIA,METROBUSL1-OLIVO,447.73530879651537
METROBUSL1-OLIVO,METROBUSL1-ALTAVISTA,433.44299354803815
METROBUSL1-ALTAVISTA,METROBUSL1-BOMBILLA,475.8995844837184
METROBUSL1-BOMBILLA,METROBUSL1-DRGALVEZ,721.334956505434
METROBUSL1-DRGALVEZ,METROBUSL1-CU,1981.6807183571827
METROBUSL1-CU,METROBUSL1-CCU,871.8064638534308
METROBUSL1-CCU,METROBUSL1-PERISUR,1237.456082697907
METROBUSL1-PERISUR,METROBUSL1-VILLAOLIMPICA,561.9779000918334
METROBUSL1-VILLAOLIMPICA,METROBUSL1-CORREGIDORA,729.8239141535092
METROBUSL1-CORREGIDORA,METROBUSL1-AYUNTAMIENTO,401.0937194129667
METROBUSL1-AYUNTAMIENTO,METROBUSL1-FUENTESBROTAN,587.8656429399177
METROBUSL1-FUENTESBROTAN,METROBUSL1-STAURSULA,543.174969095484
METROBUSL1-STAURSULA,METROBUSL1-LAJOYA,646.1291514886514
METROBUSL1-LAJOYA,METROBUSL1-CAMINERO,147.42956543863687
METROBUSL1-INDIOSVERDES,01METRO-IndiosVerdes,166.03409473079353
01METRO-Revolucion,METROBUSL1-REVOLUCION,175.5531140301705
01METRO-Tepalcates,METROBUSL2-TEPALCATES,145.74149166145423
METROBUSL2-TEPALCATES,METROBUSL2-NICOLASBRAVO,461.9628698639572
METROBUSL2-NICOLASBRAVO,METROBUSL2-CANALSANJUAN,689.0986688339759
METROBUSL2-CANALSANJUAN,METROBUSL2-GRALANTONIOLEO,1357.4906919923228
METROBUSL2-GRALANTONIOLEO,METROBUSL2-CONSTAPATZIN,943.4646371661444
METROBUSL2-CONSTAPATZIN,METROBUSL2-CCHOTE,641.4342257802263
METROBUSL2-CCHOTE,METROBUSL2-LEYESREFORMA,527.8377313707177
METROBUSL2-LEYESREFORMA,METROBUSL2-DELMORAL,541.072579857883
METROBUSL2-DELMORAL,METROBUSL2-RIOFRIO,519.301086811557
METROBUSL2-RIOFRIO,METROBUSL2-ROJOGOMEZ,410.3865408816673
METROBUSL2-ROJOGOMEZ,METROBUSL2-RIOMAYO,469.8849834337743
METROBUSL2-RIOMAYO,METROBUSL2-RIOTECOLUTLA,402.8769177886487
METROBUSL2-RIOTECOLUTLA,METROBUSL2-RODEO,503.48685112865513
METROBUSL2-RODEO,METROBUSL2-UPIICSA,429.8883429916536
METROBUSL2-UPIICSA,METROBUSL2-IZTACALCO,652.3229725580004
METROBUSL2-IZTACALCO,METROBUSL2-GOMA,426.4580411668239
METROBUSL2-GOMA,METROBUSL2-TLACOTAL,410.6881173974079
METROBUSL2-TLACOTAL,METROBUSL2-CANELA,573.8077959213638
METROBUSL2-CANELA,METROBUSL2-COYUYA,781.7916915740245
METROBUSL2-COYUYA,METROBUSL2-LAVIGA,816.3544349357832
METROBUSL2-LAVIGA,METROBUSL2-ANDRESMOLI,540.7517326317715
METROBUSL2-ANDRESMOLI,METROBUSL2-AMERICAS,676.7955279826605
METROBUSL2-AMERICAS,METROBUSL2-XOLA,627.0427090702045
METROBUSL2-XOLA,METROBUSL2-ALAMOS,285.28735566921665
METROBUSL2-ALAMOS,METROBUSL2-CENTROSCOP,404.49901495501126
METROBUSL2-CENTROSCOP,METROBUSL2-DRVERTIZ,520.719308495531
METROBUSL2-DRVERTIZ,METROBUSL2-ETIOPIA,346.0158867870916
METROBUSL2-ETIOPIA,METROBUSL2-AMORES,932.2763410125765
METROBUSL2-AMORES,METROBUSL2-VIADUCTO,665.744056508113
METROBUSL2-VIADUCTO,METROBUSL1-NVOLEON,344.2468639216623
METROBUSL1-NVOLEON,METROBUSL2-ESCANDON,372.68582256089854
METROBUSL2-ESCANDON,METROBUSL2-PATRIOTISMO,393.03736917053425
METROBUSL2-PATRIOTISMO,METROBUSL2-DELASALLE,681.9962181851533
METROBUSL2-DELASALLE,METROBUSL2-PARQUELIRA,586.6819351700079
METROBUSL2-PARQUELIRA,METROBUSL2-ANTONMACEO,466.96443354520767
METROBUSL2-ANTONMACEO,METROBUSL2-TACUBAYA,340.74514485947304
01METRO-Xola,METROBUSL2-XOLA,272.43148341222997
01METRO-Coyuya,METROBUSL2-COYUYA,346.1199771490785
01METRO-Tacubaya,METROBUSL2-TACUBAYA,98.28827650151433
METROBUSL3-TENAYUCA,METROBUSL3-SANJOSEESCA,811.0360205747825
METROBUSL3-SANJOSEESCA,METROBUSL3-TRESANEGAS,887.4021845550237
METROBUSL3-TRESANEGAS,METROBUSL3-JUPITER,817.406333348997
METROBUSL3-JUPITER,METROBUSL3-PATERA,587.8700398743363
METROBUSL3-PATERA,METROBUSL3-PNTE146,433.3132770373181
METROBUSL3-PNTE146,METROBUSL3-MONTEVIDEO,456.38930195181865
METROBUSL3-MONTEVIDEO,METROBUSL3-PNTE134,403.61118770911867
METROBUSL3-PNTE134,METROBUSL3-PNTE 128,371.47598080891674
METROBUSL3-PNTE 128,METROBUSL3-MAGDASALINAS,667.8007572647379
METROBUSL3-MAGDASALINAS,METROBUSL3-COLTONGO,475.9536000070219
METROBUSL3-COLTONGO,METROBUSL3-CUITLAHUAC,673.3988103901711
METROBUSL3-CUITLAHUAC,METROBUSL3-HEROENACOZA,352.5966837515367
METROBUSL3-HEROENACOZA,METROBUSL3-HOSPRAZA,373.91401964293516
METROBUSL3-HOSPRAZA,METROBUSL1-LARAZA,312.76197759141877
METROBUSL1-LARAZA,METROBUSL1-CIRCUITO,555.0804548943129
METROBUSL1-CIRCUITO,METROBUSL3-TOLNAHUAC,378.06275059143377
METROBUSL3-TOLNAHUAC,METROBUSL3-TLATELOLCO,492.53510105140595
METROBUSL3-TLATELOLCO,METROBUSL3-RFLORESMAGON,429.6610134453863
METROBUSL3-RFLORESMAGON,METROBUSL3-GUERRERO,653.9579830823462
METROBUSL3-GUERRERO,METROBUSL1-BUENAVISTA,502.3633697382681
METROBUSL1-BUENAVISTA,METROBUSL3-MINA,715.3398417271122
METROBUSL3-MINA,METROBUSL3-HIDALGO,527.2285723932721
METROBUSL3-HIDALGO,METROBUSL3-JUAREZ,531.8369275598691
METROBUSL3-JUAREZ,METROBUSL3-BALDERAS,365.70654633201093
METROBUSL3-BALDERAS,METROBUSL3-CUAUHTEMOC,624.5972789498328
METROBUSL3-CUAUHTEMOC,METROBUSL3-JARDINPUSHK,508.6123571282898
METROBUSL3-JARDINPUSHK,METROBUSL3-HOSPGENERAL,664.6307435630401
METROBUSL3-HOSPGENERAL,METROBUSL3-DRMARQUEZ,371.44164010904854
METROBUSL3-DRMARQUEZ,METROBUSL3-CENTROMEDICO,428.0703241356072
METROBUSL3-CENTROMEDICO,METROBUSL3-OBREROMUNDIAL,692.2776616331031
METROBUSL3-OBREROMUNDIAL,METROBUSL2-ETIOPIA,452.54656483851244
METROBUSL2-ETIOPIA,METROBUSL3-LUZSAVINON,679.5415437462191
METROBUSL3-LUZSAVINON,METROBUSL3-EUGENIA,557.7167896050041
METROBUSL3-EUGENIA,METROBUSL3-DIVISIONNTE,693.8289570119407
METROBUSL3-DIVISIONNTE,METROBUSL3-MIGUELLAURENT,638.9340967923728
01METRO-Hidalgo,METROBUSL3-HIDALGO,158.86971142135238
01METRO-Buenavista,METROBUSL1-BUENAVISTA,148.12694716177543
METROBUSL1-BUENAVISTA,METROBUSL4-CUAUHTEMOC0,252.90202038505748
METROBUSL4-CUAUHTEMOC0,METROBUSL4-MUSEOSCARL0,510.2146637044349
METROBUSL4-MUSEOSCARL0,METROBUSL3-HIDALGO,497.3258128314363
METROBUSL3-HIDALGO,METROBUSL4-BELLASARTES0,464.69438599981373
METROBUSL4-BELLASARTES0,METROBUSL4-TEATROBLAN0,314.8286841010567
METROBUSL4-TEATROBLAN0,METROBUSL4-REPCHILE0,433.2213802746581
METROBUSL4-REPCHILE0,METROBUSL4-REPARGEN0,413.6569443742935
METROBUSL4-REPARGEN0,METROBUSL4-TEATROPUEB0,464.7572522069868
METROBUSL4-TEATROPUEB0,METROBUSL4-MIXCALCO0,366.24295019500556
METROBUSL4-MIXCALCO0,METROBUSL4-FERROCINT0,269.74567033778993
METROBUSL4-FERROCINT0,METROBUSL4-MORELOS0,274.49469546366356
METROBUSL4-MORELOS0,METROBUSL4-ARCHGRALNAC0,403.6731519023407
METROBUSL4-ARCHGRALNAC0,METROBUSL4-LAZARO0,472.19474599011585
METROBUSL4-LAZARO0,METROBUSL4-MOCTEZUMA,593.3935478858181
METROBUSL4-MOCTEZUMA,METROBUSL4-EDOMOLINA,446.83764562683086
METROBUSL4-EDOMOLINA,METROBUSL4-HOSPBALBUE,231.43754336653478
METROBUSL4-HOSPBALBUE,METROBUSL4-CECILIOROB0,390.17679005923287
METROBUSL4-CECILIOROB0,METROBUSL4-MDOSONORA0,478.89470239959127
METROBUSL4-MDOSONORA0,METROBUSL4-MERCED,330.19539917896134
METROBUSL4-MERCED,METROBUSL4-CRUCESNTE,501.80241021111715
METROBUSL4-CRUCESNTE,METROBUSL4-CRUCESSUR,290.543605194424
METROBUSL4-CRUCESSUR,METROBUSL4-MUSEOCDAD0,431.36853709691684
METROBUSL4-MUSEOCDAD0,METROBUSL4-PINOSUAREZ,252.42119636013138
METROBUSL4-PINOSUAREZ,METROBUSL4-ISABELCATOLI0,552.3472779722496
METROBUSL4-ISABELCATOLI0,METROBUSL4-SALVADOR0,257.62425842242044
METROBUSL4-SALVADOR0,METROBUSL4-EJECTRAL0,264.78688486038635
METROBUSL4-EJECTRAL0,METROBUSL4-MDOSANJUAN0,289.39007913137357
METROBUSL4-MDOSANJUAN0,METROBUSL3-JUAREZ,396.75219916087644
METROBUSL3-JUAREZ,METROBUSL4-VOCA5,273.0684093632121
METROBUSL4-VOCA5,METROBUSL4-GTACOLON0,441.5799277551215
METROBUSL4-GTACOLON0,METROBUSL1-PLAZAREPU,244.25703690022652
METROBUSL1-PLAZAREPU,METROBUSL4-AEROT2,8232.145840644313
01METRO-SanLazaro,METROBUSL4-LAZARO0,293.9452548914333
METROBUSL5-RIOREMEDIOS,METROBUSL5-NEWSDIVINE,759.9048089780838
METROBUSL5-NEWSDIVINE,METROBUSL5-5MAYO,443.64526257335785
METROBUSL5-5MAYO,METROBUSL5-VASCOQUIRO,454.8737465281245
METROBUSL5-VASCOQUIRO,METROBUSL5-COYOL,703.4904296397864
METROBUSL5-COYOL,METROBUSL5-PREPA3,465.13970015483613
METROBUSL5-PREPA3,METROBUSL5-SANJUANARAGO,435.75664663753986
METROBUSL5-SANJUANARAGO,METROBUSL5-RIOGPE,463.17640563595097
METROBUSL5-RIOGPE,METROBUSL5-TALISMAN,597.3290367353595
METROBUSL5-TALISMAN,METROBUSL5-VICTORIA,436.29874943051624
METROBUSL5-VICTORIA,METROBUSL5-OTE101,780.9917961419161
METROBUSL5-OTE101,METROBUSL5-RIOSTACOLETA,571.0547762246339
METROBUSL5-RIOSTACOLETA,METROBUSL5-RIOCONSULADO,284.9273375490328
METROBUSL5-RIOCONSULADO,METROBUSL5-CANALNTE,493.60552471425746
METROBUSL5-CANALNTE,METROBUSL5-DVOEDOMOLINA,566.4989111921936
METROBUSL5-DVOEDOMOLINA,METROBUSL4-ARCHGRALNAC0,869.1160773607561
METROBUSL4-ARCHGRALNAC0,METROBUSL5-SANLAZARO,677.0991477551461
01METRO-ElRosario,METROBUSL6-ROSARIO,276.7296615884881
METROBUSL6-ROSARIO,METROBUSL6-COLBACH1,549.6999148463448
METROBUSL6-COLBACH1,METROBUSL6-CULTURAS,498.7168347309661
METROBUSL6-CULTURAS,METROBUSL6-UAMAZCAPOTZ,1187.4643631681024
METROBUSL6-UAMAZCAPOTZ,METROBUSL6-TECNOPARQUE,562.3119547062015
METROBUSL6-TECNOPARQUE,METROBUSL6-NTE59,1497.676238085172
METROBUSL6-NTE59,METROBUSL6-NTE45,624.135538566972
METROBUSL6-NTE45,METROBUSL3-MONTEVIDEO,720.0428877369771
METROBUSL3-MONTEVIDEO,METROBUSL6-LIND-VALLEJO,540.2284384322111
METROBUSL6-LIND-VALLEJO,METROBUSL6-INSTPETRO,308.88537505877963
METROBUSL6-INSTPETRO,METROBUSL6-BARTOLO,648.8555188198333
METROBUSL6-BARTOLO,METROBUSL6-IPN,698.1988446559304
METROBUSL6-IPN,METROBUSL6-RIOBAMBA,535.8097986220832
METROBUSL6-RIOBAMBA,METROBUSL1-DVO18MARZO,619.9647507450501
METROBUSL1-DVO18MARZO,METROBUSL6-VILLA,321.05339660994844
METROBUSL6-VILLA,METROBUSL6-MISTERIOS,262.8519392321388
METROBUSL6-MISTERIOS,METROBUSL6-HOSPINFVILLA,352.96092247056447
METROBUSL6-HOSPINFVILLA,METROBUSL6-DELGAM,523.5894395242972
METROBUSL6-DELGAM,METROBUSL6-MARTINCARR,762.0848028329547
METROBUSL6-MARTINCARR,METROBUSL6-HOSPGRALVILLA,473.01519468963977
METROBUSL6-HOSPGRALVILLA,METROBUSL5-SANJUANARAGO,457.8669058305006
METROBUSL5-SANJUANARAGO,METROBUSL6-GRANCANAL,481.71493496122895
METROBUSL6-GRANCANAL,METROBUSL6-CASASALEMAN,568.6734780074373
METROBUSL6-CASASALEMAN,METROBUSL6-PBLOARAGON,424.10677926866856
METROBUSL6-PBLOARAGON,METROBUSL6-LORETOFABE,692.2819276316663
METROBUSL6-LORETOFABE,METROBUSL6-416PTE,593.5142195684035
METROBUSL6-416PTE,METROBUSL6-482,748.2347764278646
METROBUSL6-482,METROBUSL6-414,447.47228359590935
METROBUSL6-414,METROBUSL6-DVOGALEANA,1304.7986103632466
METROBUSL6-DVOGALEANA,METROBUSL6-AMPLPROVID,327.10334370332987
METROBUSL6-AMPLPROVID,METROBUSL6-VOLCANFUEGO,432.9965176713899
METROBUSL6-VOLCANFUEGO,METROBUSL6-PRADERA,587.5526963742855
METROBUSL6-PRADERA,METROBUSL6-416OTE,322.65960047289764
METROBUSL6-416OTE,METROBUSL6-COLBACH9,637.2457710617286
METROBUSL6-COLBACH9,METROBUSL6-FCOMORAZAN,451.60972745632364
METROBUSL6-FCOMORAZAN,METROBUSL6-VILLARAGON,338.74155059268395
01METRO-MartinCarrera,METROBUSL6-MARTINCARR,245.64238483944166
METROBUSL1-INDIOSVERDES,METROBUSL6-MISTERIOS,715.6344703324976
METROBUSL6-MISTERIOS,METROBUSL6-HOSPINFVILLA,425.3455413018665
METROBUSL6-HOSPINFVILLA,METROBUSL6-DELGAM,378.23855591484767
METROBUSL6-DELGAM,METROBUSL7-GARRIDO0,570.6131612657814
METROBUSL7-GARRIDO0,METROBUSL7-TALISMAN0,532.9180109531453
METROBUSL7-TALISMAN0,METROBUSL7-NECAXA0,296.3351620617612
METROBUSL7-NECAXA0,METROBUSL7-EXCELSIOR0,490.9798890188917
METROBUSL7-EXCELSIOR0,METROBUSL7-ROBLESDZ0,436.1168743319481
METROBUSL7-ROBLESDZ0,METROBUSL7-CLAVE0,434.02063167453736
METROBUSL7-CLAVE0,METROBUSL7-MISTERIOS0,300.87991854283536
METROBUSL7-MISTERIOS0,METROBUSL7-MDOBEET0,566.1561048656805
METROBUSL7-MDOBEET0,METROBUSL7-PERALVILLO0,466.1195602919169
METROBUSL7-PERALVILLO0,METROBUSL7-TRESCULT0,329.63142230324644
METROBUSL7-TRESCULT0,METROBUSL7-GTACUI0,247.93612932543468
METROBUSL7-GTACUI0,METROBUSL7-GARIBALDI0,711.7965087875183
METROBUSL7-GARIBALDI0,METROBUSL7-GTAVIOLETA0,530.2213430404697
METROBUSL7-GTAVIOLETA0,METROBUSL3-HIDALGO,588.9776732667125
METROBUSL3-HIDALGO,METROBUSL7-CABALLITO0,345.00996286518136
METROBUSL7-CABALLITO0,METROBUSL7-PARIS0,837.6158147198076
METROBUSL7-PARIS0,METROBUSL1-REFORMA,298.30800093136963
METROBUSL1-REFORMA,METROBUSL1-HAMBURGO,333.15321975550484
METROBUSL1-HAMBURGO,METROBUSL7-PALMA0,382.34308504485534
METROBUSL7-PALMA0,METROBUSL7-ANGEL0,464.85367461988307
METROBUSL7-ANGEL0,METROBUSL7-DIANA0,253.3172004370538
METROBUSL7-DIANA0,METROBUSL7-CHAPU0,392.28585519608407
METROBUSL7-CHAPU0,METROBUSL7-GANDHI1,696.5675103832863
METROBUSL7-GANDHI1,METROBUSL7-ANTROPO0,378.4564239619826
METROBUSL7-ANTROPO0,METROBUSL7-AUDITORIO0,953.9315830364493
METROBUSL7-AUDITORIO0,METROBUSL7-CAMPOMARTE0,645.0518830263248
01METRO-Garibaldi,METROBUSL7-GARIBALDI0,138.59091916756358
TRENLIGEROL1-XOCHIMILCO,TRENLIGEROL1-FCOGOITIA,364.81816403933175
TRENLIGEROL1-FCOGOITIA,TRENLIGEROL1-HUICHAPAN,878.5990417763079
TRENLIGEROL1-HUICHAPAN,TRENLIGEROL1-LANORIA,822.4954245437003
TRENLIGEROL1-LANORIA,TRENLIGEROL1-TEPEPAN,1518.1037979448656
TRENLIGEROL1-TEPEPAN,TRENLIGEROL1-PERIFERICO,772.2371654944991
TRENLIGEROL1-PERIFERICO,TRENLIGEROL1-XOMALI,994.8133297977354
TRENLIGEROL1-XOMALI,TRENLIGEROL1-HUIPULCO,1060.660064830191
TRENLIGEROL1-HUIPULCO,TRENLIGEROL1-EAZTECA,614.8295934909756
TRENLIGEROL1-EAZTECA,TRENLIGEROL1-ELVERGEL,729.2989427725627
TRENLIGEROL1-ELVERGEL,TRENLIGEROL1-TEXTITLAN,651.7866363702999
TRENLIGEROL1-TEXTITLAN,TRENLIGEROL1-REGISTROFRAL,627.0245560732324
TRENLIGEROL1-REGISTROFRAL,TRENLIGEROL1-NEZAHUALPILLI,652.7346064130675
TRENLIGEROL1-NEZAHUALPILLI,TRENLIGEROL1-XOTEPINGO,428.75213675065334
TRENLIGEROL1-XOTEPINGO,TRENLIGEROL1-LAVIRGEN,488.9603953714293
TRENLIGEROL1-LAVIRGEN,TRENLIGEROL1-CDJARDIN,465.5532257851338
TRENLIGEROL1-CDJARDIN,TRENLIGEROL1-LASTORRES,589.7604542371055
TRENLIGEROL1-LASTORRES,TRENLIGEROL1-TASQUENA,444.50233314700904
TRENLIGEROL1-TASQUENA,01METRO-Tasquena,100.06808631239389
01METRO-Constitucionde1917,CABLEBUSL2-CONST1917,0.0
CABLEBUSL2-CONST1917,CABLEBUSL2-QUETZALCOA,2937.2659740909357
CABLEBUSL2-QUETZALCOA,CABLEBUSL2-TORRESBUENA,1395.4687054380431
CABLEBUSL2-TORRESBUENA,CABLEBUSL2-XALPA,1333.3820162392608
CABLEBUSL2-XALPA,CABLEBUSL2-LOMASESTANC,1254.5969844733245
CABLEBUSL2-LOMASESTANC,CABLEBUSL2-SANMIGUELTEO,1970.3007635620254
CABLEBUSL2-SANMIGUELTEO,CABLEBUSL2-STAMARTA,1837.7469065466714
CABLEBUSL2-STAMARTA,01METRO-SantaMarta,153.50756857219739
01METRO-IndiosVerdes,CABLEBUSL1-INDIOSVERDE,288.4692170594973
CABLEBUSL1-INDIOSVERDE,CABLEBUSL1-STAMATICOMAN,2172.546225382902
CABLEBUSL1-STAMATICOMAN,CABLEBUSL1-PASTORA,1891.5952356468067
CABLEBUSL1-PASTORA,CABLEBUSL1-CAMPOSREVOL,1441.7723188456803
CABLEBUSL1-CAMPOSREVOL,CABLEBUSL1-TLALPEXCO,1702.5685897986039
CABLEBUSL1-TLALPEXCO,CABLEBUSL1-CUAUTEPEC,1674.4843479826818
SUBURBANOL1-BUENAVISTA,SUBURBANOL1-FORTUNA,5078.601550297794
SUBURBANOL1-FORTUNA,SUBURBANOL1-TLALNEPAN,5079.37224639437
SUBURBANOL1-TLALNEPAN,SUBURBANOL1-SANRAFAEL,3473.1019620239454
SUBURBANOL1-SANRAFAEL,SUBURBANOL1-LECHERIA,3871.8114482533542
SUBURBANOL1-LECHERIA,SUBURBANOL1-TULTITLAN,4090.9762723269723
SUBURBANOL1-TULTITLAN,SUBURBANOL1-CUAUTITLAN,3538.662751467668